{"best_median_sim_diff":0.05616050958633423,"train_loss":0.16098998806306294,"pct_positive_higher":58.7088915956151,"best_mean_sim_diff":0.05698148533701897,"best_val_precision":1,"best_pct_positive_higher":58.7088915956151,"_timestamp":1.74543081941545e+09,"best_val_loss":0.2676474948724111,"median_sim_diff":0.05616050958633423,"val_accuracy":0.587088915956151,"train_accuracy":0.7858441401042298,"best_val_recall":0.587088915956151,"val_precision":1,"mean_sim_diff":0.05698148533701897,"batch":132,"batch_loss":0.15973548740148544,"epoch":5,"val_loss":0.2676474948724111,"best_val_f1":0.7398311588641596,"_wandb":{"runtime":140},"_runtime":140.746677,"_step":14,"val_recall":0.587088915956151,"learning_rate":0.001,"best_val_accuracy":0.587088915956151,"val_f1":0.7398311588641596}