{"best_median_sim_diff":-0.1452425718307495,"val_precision":1,"train_accuracy":0.4705159705159705,"mean_sim_diff":-0.17385871708393097,"_timestamp":1.745427485674865e+09,"epoch":5,"_runtime":125.69998,"best_val_precision":1,"_wandb":{"runtime":125},"_step":4,"median_sim_diff":-0.1452425718307495,"best_val_accuracy":0.062111801242236024,"best_mean_sim_diff":-0.17385871708393097,"pct_positive_higher":6.211180124223603,"best_pct_positive_higher":6.211180124223603,"train_loss":0.31230928500493366,"best_val_recall":0.062111801242236024,"val_recall":0.062111801242236024,"best_val_loss":0.47385871410369873,"best_val_f1":0.11695906432748537,"val_f1":0.11695906432748537,"val_loss":0.47385871410369873,"val_accuracy":0.062111801242236024}