{"epoch":5,"best_val_accuracy":0.055900621118012424,"mean_sim_diff":-0.17720389366149902,"pct_positive_higher":5.590062111801243,"_timestamp":1.74542793292633e+09,"best_val_recall":0.055900621118012424,"best_median_sim_diff":-0.1377825140953064,"val_f1":0.10588235294117647,"_wandb":{"runtime":129},"val_accuracy":0.055900621118012424,"val_precision":1,"best_val_precision":1,"median_sim_diff":-0.1377825140953064,"best_val_f1":0.10588235294117647,"best_val_loss":0.47720393538475037,"best_pct_positive_higher":5.590062111801243,"_runtime":129.271725,"val_recall":0.055900621118012424,"_step":4,"best_mean_sim_diff":-0.17720389366149902,"train_accuracy":0.5036855036855037,"train_loss":0.3050051728884379,"val_loss":0.47720393538475037}